,Title,Address,url,property_price,rate,image_url,area,Direction_facing,status,details,owner_name,post_date
0,4 BHK Apartment / Flat for Sale,"Vasant Vihar, New Delhi","₹ 8Cr @200,000/Sq Yd.",Featured,Area,400 Sq Yd.,Facing,East,Status,Ready to Move,1st of 4 Floor,Semi Furnished
1,3 BHK Apartment / Flat for Sale,"GH 13 Paschim Vihar, New Delhi","₹ 1.7Cr @14,167/Sq Ft.",Area,1200 Sq Ft.,Facing,South-East,Status,Ready to Move,1st of 4 Floor,Semi Furnished,Freehold
2,3 BHK Apartment / Flat for Sale,"Dwarka Sector 7, New Delhi","₹ 85Lac @6,538/Sq Ft.",Area,1300 Sq Ft.,Facing,North,Status,Under Construction,Ground of 3 Floor,Unfurnished,Co-Operative Society
3,3 BHK Apartment / Flat for Sale,"Karampura, New Delhi","₹ 1.78Cr @11,259/Sq Ft.",Area,1581 Sq Ft.,Facing,North-East,Status,Ready to Move,10th of 26 Floor,Semi Furnished,Freehold
4,3 BHK Apartment / Flat for Sale,"New Friends Colony, New Delhi","₹ 3.5Cr @140,000/Sq Yd.",Area,250 Sq Yd.,Facing,South-East,Status,Ready to Move,Ground of 4 Floor,Semi Furnished,Freehold
5,3 BHK Apartment / Flat for Sale,"Moti Nagar, New Delhi","₹ 1.78Cr @11,259/Sq Ft.",Area,1581 Sq Ft.,Facing,North-East,Status,Ready to Move,11th of 26 Floor,Semi Furnished,Freehold
6,3 BHK Apartment / Flat for Sale,"Moti Nagar, New Delhi","₹ 1.78Cr @11,259/Sq Ft.",Area,1581 Sq Ft.,Facing,North-East,Status,Ready to Move,6th of 26 Floor,Unfurnished,Freehold
7,3 BHK Apartment / Flat for Sale,"Moti Nagar, New Delhi","₹ 1.88Cr @11,750/Sq Ft.",Area,1600 Sq Ft.,Facing,North-East,Status,Ready to Move,12th of 26 Floor,Semi Furnished,Freehold
8,3 BHK Apartment / Flat for Sale,"Okhla Phase 1, New Delhi","₹ 4.49Cr @20,098/Sq Ft.",Area,2234 Sq Ft.,Facing,North-East,Status,Under Construction,5th of 29 Floor,Semi Furnished,Freehold
9,3 BHK Apartment / Flat for Sale,"Delhi Cantonment, New Delhi","₹ 1.78Cr @11,259/Sq Ft.",Area,1581 Sq Ft.,Facing,North-East,Status,Ready to Move,8th of 26 Floor,Semi Furnished,Power of Attorney
