,Title,Address,url,property_price,rate,image_url,area,Direction_facing,status,details,owner_name,post_date
0,2 BHK Apartment / Flat for Sale,"GH 13 Paschim Vihar, New Delhi","₹ 1.25Cr @10,417/Sq Ft.",Area,1200 Sq Ft.,Facing,North-East,Status,Ready to Move,1st of 4 Floor,Semi Furnished,Freehold
1,2 BHK Apartment / Flat for Sale,"Okhla Phase 1, New Delhi","₹ 4.81Cr @21,531/Sq Ft.",Area,2234 Sq Ft.,Facing,North-East,Status,Under Construction,9th of 29 Floor,Semi Furnished,Freehold
2,2 BHK Apartment / Flat for Sale,"Chirag Delhi, New Delhi","₹ 45Lac @56,250/Sq Yd.",Area,80 Sq Yd.,Facing,South,Status,Ready to Move,1st of 4 Floor,Semi Furnished,Freehold
3,2 BHK Apartment / Flat for Sale,"Okhla Phase 1, New Delhi","₹ 4.82Cr @21,576/Sq Ft.",Area,2234 Sq Ft.,Facing,North-East,Status,Under Construction,9th of 29 Floor,Semi Furnished,Freehold
4,2 BHK Studio Apartment for Sale,"Paschim Vihar, New Delhi","₹ 1.2Cr @12,000/Sq Ft.",Area,1000 Sq Ft.,Facing,East,Status,Ready to Move,3rd of 4 Floor,Fully Furnished,Freehold
5,2 BHK Apartment / Flat for Sale,"Paschim Vihar, New Delhi","₹ 1.2Cr @10,000/Sq Ft.",Area,1200 Sq Ft.,Facing,South-East,Status,Ready to Move,4th of 4 Floor,Semi Furnished,Freehold
6,2 BHK Apartment / Flat for Sale,"Paschim Vihar, New Delhi","₹ 1.6Cr @13,333/Sq Ft.",Area,1200 Sq Ft.,Facing,South-East,Status,Ready to Move,1st of 4 Floor,Semi Furnished,Freehold
7,2 BHK Apartment / Flat for Sale,"Moti Nagar, New Delhi","₹ 1.55Cr @11,175/Sq Ft.",Area,1387 Sq Ft.,Facing,North-East,Status,Ready to Move,14th of 26 Floor,Semi Furnished,Freehold
8,2 BHK Apartment / Flat for Sale,"Govindpuri Main, New Delhi","₹ 30Lac @3,333/Sq Yd.",Area,900 Sq Yd.,Facing,East,Status,Ready to Move,1st of 4 Floor,Semi Furnished,Freehold
9,2 BHK Apartment / Flat for Sale,"Okhla Phase 1, New Delhi","₹ 4.49Cr @20,098/Sq Ft.",Area,2234 Sq Ft.,Facing,North-East,Status,Under Construction,18th of 29 Floor,Semi Furnished,Freehold
10,2 BHK Apartment / Flat for Sale,"Moti Nagar, New Delhi","₹ 1.55Cr @11,175/Sq Ft.",Area,1387 Sq Ft.,Facing,North-East,Status,Ready to Move,14th of 26 Floor,Semi Furnished,Freehold
11,2 BHK Apartment / Flat for Sale,"Moti Nagar, New Delhi","₹ 1.55Cr @11,175/Sq Ft.",Area,1387 Sq Ft.,Facing,North-East,Status,Ready to Move,6th of 26 Floor,Semi Furnished,Freehold
12,2 BHK Apartment / Flat for Sale,"Moti Nagar, New Delhi","₹ 1.55Cr @11,175/Sq Ft.",Area,1387 Sq Ft.,Facing,North-East,Status,Ready to Move,3rd of 26 Floor,Semi Furnished,Freehold
13,2 BHK Apartment / Flat for Sale,"Moti Nagar, New Delhi","₹ 1.55Cr @11,175/Sq Ft.",Area,1387 Sq Ft.,Facing,North-East,Status,Ready to Move,13th of 26 Floor,Semi Furnished,Freehold
14,2 BHK Apartment / Flat for Sale,"Keshav Puram, New Delhi","₹ 15Lac @3,000/Sq Ft.",Area,500 Sq Ft.,Facing,North,Status,Ready to Move,1st of 4 Floor,Semi Furnished,Power of Attorney
15,2 BHK Apartment / Flat for Sale,"Chirag Delhi, New Delhi","₹ 12Lac @30,000/Sq Yd.",Area,40 Sq Yd.,Facing,South,Status,Ready to Move,1st of 3 Floor,Semi Furnished,Power of Attorney
16,2 BHK Apartment / Flat for Sale,"Paschim Vihar, New Delhi","₹ 1.35Cr @11,250/Sq Ft.",Area,1200 Sq Ft.,Facing,South-East,Status,Ready to Move,1st of 4 Floor,Unfurnished,Freehold
17,2 BHK Apartment / Flat for Sale,"Dwarka Sector 12, New Delhi","₹ 1.15Cr @10,455/Sq Ft.",Area,1100 Sq Ft.,Facing,East,Status,Ready to Move,3rd of 10 Floor,Unfurnished,Freehold
18,2 BHK Apartment / Flat for Sale,"Connaught Place, New Delhi","₹ 4Cr @27,586/Sq Ft.",Area,1450 Sq Ft.,Facing,North-East,Status,Ready to Move,4th of 10 Floor,Unfurnished,Leasehold
19,2 BHK Apartment / Flat for Sale,"Paschim Vihar, New Delhi","₹ 85Lac @11,333/Sq Ft.",Area,750 Sq Ft.,Facing,East,Status,Ready to Move,2nd of 4 Floor,Semi Furnished,Freehold
20,2 BHK Studio Apartment for Sale,"Paschim Vihar, New Delhi","₹ 1.55Cr @15,500/Sq Ft.",Area,1000 Sq Ft.,Facing,East,Status,Ready to Move,2nd of 4 Floor,Unfurnished,Freehold
21,2 BHK Apartment / Flat for Sale,"Dwarka Mor, New Delhi","₹ 85Lac @136,568/Sq Mtr.",Area,62.24 Sq Mtr.,Facing,East,Status,Ready to Move,Ground of 1 Floor,Fully Furnished,Freehold
22,2 BHK Apartment / Flat for Sale,"Paschim Vihar, New Delhi","₹ 1.45Cr @12,083/Sq Ft.",Area,1200 Sq Ft.,Facing,North,Status,Ready to Move,Ground of 4 Floor,Unfurnished,Freehold
23,2 BHK Studio Apartment for Sale,"Paschim Vihar, New Delhi","₹ 95Lac @7,917/Sq Ft.",Area,1200 Sq Ft.,Facing,East,Status,Ready to Move,3rd of 3 Floor,Semi Furnished,Freehold
